title,content
"[글로벌D리포트] 맨해튼 한복판서 총격 4명 사망…""정신병력 있어""","<div class=""text_area"" itemprop=""articleBody"">
  사이렌이 울리는 가운데 경찰들이 총을 겨누고 건물로 뛰어갑니다. 
  <br/>
<br/> 또 다른 쪽에서는 경찰들이 총에 맞은 사람을 눕혀놓고 응급처치를 합니다. 
  <br/>
<br/> 현지시간 지난 28일 저녁, 미국 뉴욕 맨해튼 한복판 빌딩에서 총격 사건이 발생한 직후 모습입니다. 
  <br/>
<br/> 컨설팅과 금융 회사들이 대거 입주해 있는 건물인데, 퇴근이 한창이던 저녁 6시 반 한 남자가 M4 돌격소총을 들고 건물에 들어섰습니다. 
  <br/>
<br/> 그리고는 로비에 서 있던 경찰관을 쏜 뒤에 남성 두 명과 여성 한 명을 더 공격했습니다. 
  <br/>
<br/> [말릭 알루베이/목격자 : 남자가 바닥에 누워있고, 사람들이 응급 처치를 하고 있었습니다. 그런데 일어나지 못했고 병원으로 옮겨졌어요.] 
  <br/>
<br/> 27살 셰인 데본 타무라로 확인된 용의자는 이후 33층 부동산 관리회사로 올라가서 다시 한번 총격을 가한 뒤에 스스로 목숨을 끊었습니다. 
  <br/>
<br/> 타무라는 라스베이거스 거주자인데, 차로 미국 전역을 거쳐서 뉴욕에 도착한 직후 건물 바로 앞에서 차에서 내려서는 범행을 벌인 것으로 알려졌습니다. 
  <br/>
<br/> 총 4명이 숨졌는데, 동기는 확인되지 않았습니다. 
  <br/>
<br/> [제시카 티시/뉴욕 경찰국장 : 라스베이거스 경찰에 따르면 타무라는 정신 건강에 문제가 있었습니다. 범행 동기는 조사 중입니다.] 
  <br/>
<br/> 용의자 차에서는 처방약과 함께 장전된 권총 등이 함께 발견됐습니다. 
  <br/>
<br/> 경찰은 일단 타무라의 단독 범행으로 보고 있지만, 추가 범행 가능성도 있다고 보고 경계를 강화하고 있습니다. 
  <br/>
<br/> (취재 : 김범주, 영상취재 : 이상욱, 영상편집 : 신세은, 제작 : 디지털뉴스편집부)
 </div>"
[글로벌D리포트] 수도 베이징 '최악의 홍수'…최소 30명 사망,"<div class=""text_area"" itemprop=""articleBody"">
  흙탕물이 거세게 밀려들고, 주차장 차량들은 장난감처럼 뒤엉켰습니다. 
  <br/>
<br/> [주민 : 아파트 단지 입구인데, 황하보다 더 심각하네요.] 
  <br/>
<br/> 다리는 끊겼고, 강둑의 흙더미는 힘없이 무너져 내립니다. 
  <br/>
<br/> 마을 골목길은 물바다가 됐고, 
  <br/>
<br/> [주민 : 물이 사람 키 절반만큼 차올랐어요. 수십 년 동안 이렇게 많은 빗물은 처음 봅니다.] 
  <br/>
<br/> 쓰러진 전신주에, 산에서 쓸려온 물건들이 쌓여 마을은 아수라장입니다. 
  <br/>
<br/> 미처 빠져나오지 못한 채 창틀에 매달린 주민을 구하려고 구조대원이 헤엄쳐 들어가고, 고무보트, 중장비까지 동원한 구조 작전이 펼쳐집니다. 
  <br/>
<br/> 구조대도 접근할 수 없는 마을에는 헬기로 구호품을 공중 투하합니다. 
  <br/>
<br/> 지난 주말부터 중국 동북부 베이징과 톈진, 허베이성 등에 폭우가 이어지고 있습니다. 
  <br/>
<br/> 특히 수도 베이징의 지난 사흘간 평균 강수량은 165밀리미터, 북부 미윈 등에서는 540밀리미터에 달했습니다. 
  <br/>
<br/> 베이징시는 지금까지 최소 30명이 숨지고 8만 명 넘는 이재민이 발생했다고 밝혔습니다. 
  <br/>
<br/> 여전히 적색 홍수 경보, 주황색 폭우 경보가 내린 상태로, 저지대 주민 긴급 대피령도 내려졌습니다. 
  <br/>
<br/> 시진핑 국가주석은 총력 구조를 지시했습니다. 
  <br/>
<br/> [CCTV 보도 : 재해 지역의 구조와 치료, 주민 대피와 안정, 긴급 복구, 수송 등 각종 작업이 진행 중입니다.] 
  <br/>
<br/> 통상 재난 피해 규모를 상세히 공개하지 않는 중국 당국이 폭우 상황을 신속히 발표한 건 매우 이례적입니다. 
  <br/>
<br/> 수도 베이징이 피해 중심지로 떠오른 데다 이미 현장 영상 등이 SNS에서 확산하자, 선제적으로 정보를 공개하고 신속한 대응 능력을 보여주려는 의도로 풀이됩니다. 
  <br/>
<br/> (취재 : 권 란, 영상취재 : 최덕현, 영상편집 : 최혜란, 영상출처 : 이지호 더우인)
 </div>"
후쿠시마 원전 핵연료 잔해 본격 반출 지연…2037년 이후 개시,"<div class=""text_area"" itemprop=""articleBody"">
<div style=""text-align:center"">
<span style=""color:#808080""><strong>▲ 일본 후쿠시마 제1원자력발전소</strong></span>
</div>
<br/> 일본 후쿠시마 제1원자력 발전소 사고 원자로 안에 녹아 내려있는 핵연료 잔해를 본격적으로 꺼내기 위한 반출 작업이 기존 계획보다 늦어져 2037년 이후에나 개시될 전망이라고 아사히신문 등이 보도했습니다. 
  <br/>
<br/> 2011년 동일본 대지진에 의한 원전 사고 이후 수습을 위해 설립된 원자력손해배상·폐로 지원기구(NDF)는 기자회견을 열고 본격 반출을 위한 준비 작업에 12∼15년이 걸릴 것으로 도쿄전력이 설명했습니다. 
  <br/>
<br/> 도쿄전력은 앞서 2030년대 초반에 사고 원자로 1∼3호기 중 3호기부터 본격 반출 작업을 벌일 계획이었습니다. 
  <br/>
<br/> 핵연료 반출이 늦어지면 일본 정부가 늦어도 2051년까지 사고 원전 폐기를 완료한다는 계획에도 차질이 빚어질 수 있습니다. 
  <br/>
<br/> 핵연료 반출은 사고 원전 폐기의 최대 난관으로 평가되는 작업으로, 후쿠시마 제1원전 1∼3호기에는 총 880t가량의 핵연료 잔해가 있는 것으로 추정되고 있습니다. 
  <br/>
<br/> 도쿄전력은 지난해 처음 핵연료 잔해 0.7ｇ짜리를 꺼내는 등 2차례 시험 반출에만 성공했을 뿐이고 본격 반출 공법도 아직 수립하지 못한 상태입니다. 
  <br/>
<br/> 다만 NDF의 제언에 따라 원자로 건물 상부에 작은 구멍을 뚫어 핵연료 잔해를 충전재로 굳힌 뒤 잘게 부숴 꺼낼 방침이며 구조물을 설치해 방사성 물질의 비산을 막을 계획이라고 아사히신문은 전했습니다. 
  <br/>
<br/> 이를 위해서는 원자로 3호기 북쪽에 있는 폐기물 처리용 건물을 우선 해체해야 하며 해체에도 상당한 시간이 걸릴 전망입니다. 
  <br/>
<br/> (사진=연합뉴스)
 </div>"
"""진짜 굶주림 ""…트럼프, '가자지구 기아 인정'으로 입장 바꿔","<div class=""text_area"" itemprop=""articleBody"">
<div style=""text-align:center"">
<span style=""color:#808080""><strong>▲ 스타머 영국 총리(왼쪽)와 트럼프 미국 대통령</strong></span>
</div>
<br/> 트럼프 미국 대통령이 팔레스타인 가자지구 주민이 기아에 시달리고 있다는 점을 인정했습니다. 
  <br/>
<br/> 트럼프 대통령은 28일(현지시간) 스코틀랜드 턴베리의 자신 소유 골프장에서 스타머 영국 총리와 가자지구 문제에 대해 논의했다며 ""아이들에게 음식을 먹이는 데 집중하고 싶다""고 말했습니다. 
  <br/>
<br/> 이어 ""사람들이 자유롭게 들어올 수 있는, 경계가 없는 식량 센터를 세울 계획""이라며 ""우리가 자금을 지원할 것""이라고 말했습니다. 
  <br/>
<br/> 트럼프 대통령은 이날 '가자지구에 기아는 없다'고 주장한 네타냐후 이스라엘 총리에 뚜렷하게 선을 긋기도 했습니다. 
  <br/>
<br/> 트럼프 대통령은 TV를 통해 가자지구 아이들이 굶주림에 시달리는 걸 봤다며 이는 진짜 굶주림이라고 강조했습니다. 
  <br/>
<br/> 또 가자지구의 식량 부족은 이스라엘에 책임이 있다며 식량이 확실히 전달되도록 하고 싶다고 덧붙였습니다. 
  <br/>
<br/> 이런 메시지는 그동안 트럼프 대통령이 가자지구의 굶주림보다는 무장정파 하마스를 비난하는 데 주력하던 태도에서 크게 변화한 것으로 평가됩니다. 
  <br/>
<br/> 트럼프는 지난 7일 네타냐후 총리와 백악관에서 만났을 때 가자지구의 기아 문제에 대해선 별다른 언급을 하지 않았습니다. 
  <br/>
<br/> 마크롱 프랑스 대통령이 지난 24일 가자지구 전쟁 종식과 구호품 제공을 가장 시급한 과제로 꼽으며 팔레스타인을 국가로 인정하겠다고 밝혔을 때 역시 ""그가 뭐라고 하든 중요치 않다""면서 심드렁한 반응을 보였습니다. 
  <br/>
<br/> 이날 트럼프 대통령의 태도가 선회한 배경에는 유럽 정상들의 설득 노력이 자리한 것으로 보입니다. 
  <br/>
<br/> 특히 스타머 총리는 시각 자료까지 동원해 가자지구의 참상을 설명한 것으로 알려졌습니다. 
  <br/>
<br/> 트럼프 대통령의 직관적이고 감각 중심적인 스타일을 겨냥한 접근법을 택한 셈입니다. 
  <br/>
<br/> 스타머 총리는 이날 기자들에게 트럼프 대통령과 ""기아와 관련한 이미지를 포함한 견딜 수 없는 참상과 가자지구의 상황에 관해서 이야기할 기회를 가졌다""고 말했습니다. 
  <br/>
<br/> 미국 뉴욕타임스(NYT)는 유럽 지도자들과 일련의 회담을 가진 뒤 ""트럼프 대통령이 다른 세계 지도자들의 절박한 표현을 따라가기 시작했다""고 짚었습니다. 
  <br/>
<br/> 나아가 가자지구의 악화하는 상황을 개선해야 한다는 국제사회의 압박도 트럼프 대통령의 판단에 영향을 미쳤을 가능성이 있습니다. 
  <br/>
<br/> 유엔 팔레스타인 난민구호기구(UNRWA)에 따르면 가자지구 어린이 5명 중 1명은 영양실조 상태인 것으로 전해졌습니다. 
  <br/>
<br/> 다만 트럼프 대통령이 미국이 세계의 '경찰' 역할에서 탈피해 국익을 중심에 놓아야 한다는 신념인 만큼 그의 가자지구 지원 '공언'이 지켜질지는 좀 더 두고 봐야 한다는 평가도 나옵니다. 
  <br/>
<br/> 뉴욕타임스는 ""세계 무대에서 거래 중심적인 접근법을 자랑해온 트럼프 대통령에게 가자지구의 기아 사태는 '미국 우선주의' 외교 정책이 21세기 인도주의 위기에 맞설 수 있는지 가늠하는 시험대가 되고 있다""고 짚었습니다. 
  <br/>
<br/> 신문은 ""전쟁이 야기한 인도적 문제에 대응해 미국이 세계를 이끄는 역할을 할 것인지, 트럼프 대통령이 답할 차례""라고 덧붙였습니다. 
  <br/>
<br/> (사진=AP, 연합뉴스)
 </div>"
타이완 곳곳서 폭우 피해…TSMC 건설 첨단공장도 일부 침수,"<div class=""text_area"" itemprop=""articleBody"">
<div style=""text-align:center"">
<span style=""color:#808080""><strong>▲ 성인 허벅지 높이까지 침수된 타이난 허우비 지역 </strong></span>
</div>
<br/> 타이완 곳곳에서 폭우로 주택과 공장이 침수되는 등 홍수 피해가 잇따랐습니다. 
  <br/>
<br/> 자유시보와 중국시보 등 타이완 언론은 타이완 중앙기상서를 인용해 현지시간 27일 오후 10시부터 24시간 동안 서부 자이현 타이바오 지역과 남부 타이난 허우비 지역의 일일 강우량이 각각 441㎜, 423㎜에 달했다고 보도했습니다. 
  <br/>
<br/> 이어 전날 남부 지역에 앞으로 사흘간 누적 강우량이 최대 900㎜에 달할 수 있다고 덧붙였습니다. 
  <br/>
<br/> 이에 따라 자이현, 타이난시, 가오슝시, 핑둥현 등 4개 지자체는 이날 휴무·휴교령 등 예방 조치를 발동했습니다. 
  <br/>
<br/> 이번 폭우로 인해 세계 최대 파운드리 업체인 TSMC가 자이현 타이바오 지역에 건설 중인 첨단 패키징 7공장에도 일부 침수 피해가 발생했습니다. 
  <br/>
<br/> 해당 공장 단지의 도로가 성인 허벅지 높이까지 침수돼 미처 대피하지 못한 차량 등이 침수됐다고 현지 언론은 보도했습니다. 
  <br/>
<br/> 또 윈린 수이란 마을은 절반 이상이 물에 잠겼고, 자이 린쯔 지역 일부 중학교와 파출소도 침수된 것으로 파악됐습니다. 
  <br/>
<br/> 전날 오후 자이현 지역에서는 9천600여 가구가 정전 피해를 보기도 했습니다. 
  <br/>
<br/> 앞서 타이완에서는 태풍 다나스가 지난 7일 서부 해안 일대를 휩쓸고 지나가면서 2명이 숨지고 500명 넘게 다쳤습니다. 
  <br/>
<br/> (사진=대만 중앙통신사 캡처, 연합뉴스)
 </div>"
"WSJ ""트럼프, 금리 떨어진 뒤 장기채 발행 신호""","<div class=""text_area"" itemprop=""articleBody"">
<div style=""text-align:center"">
<span style=""color:#808080""><strong>▲ 도널드 트럼프 미 대통령</strong></span>
</div>
<br/> 트럼프 미 행정부가 오랜 국채 발행 관행을 버리고 금리가 떨어지기를 기다렸다가 장기채를 발행하겠다는 신호를 보내고 있다고 월스트리트저널이 보도했습니다. 
  <br/>
<br/> 신문은 베선트 미 재무장관이 민간인 시절부터 언론 기고 등을 통해 이런 입장을 밝혀왔다고 전했습니다. 
  <br/>
<br/> 트럼프 대통령도 지난 6월 국채 발행과 관련해 당장은 만기가 매우 짧은 단기채로 가려고 한다며, 파월 연방준비제도 의장이 나가길 기다렸다가 금리를 크게 낮춘 다음 장기채 발행으로 갈 것이라고 말했습니다. 
  <br/>
<br/> 신문은 이런 움직임에 대해 트럼프 행정부가 오랜 기간 확립된 부채 관리 관행에서 일탈하고 있다고 지적했습니다. 
  <br/>
<br/> 미국 재무부는 수십 년간 최선의 이자율을 얻기 위해 국채 발행 시점을 조정하지 않겠다고 강조해 왔습니다. 
  <br/>
<br/> 이는 이런 방식이 시장의 투기와 불확실성을 조장해 궁극적으로 국채 발행 비용을 높일 수 있다는 우려에 따른 것입니다.
 </div>"
"태국-캄보디아 휴전 개시…태국 ""캄보디아 여전히 공격""","<div class=""text_area"" itemprop=""articleBody"">
<div style=""text-align:center"">
<span style=""color:#808080""><strong>▲ 지난 28일(현지시간) 말레이시아 행정수도 푸트라자야에서 품탐 웨차야차이 태국 총리 권한대행(오른쪽)과 훈 마네트 캄보디아 총리(왼쪽)이 휴전에 합의한 뒤 안와르 이브라힘 말레이시아 총리(가운데)와 함께 손을 잡고 있다.</strong></span>
</div>
<br/> 지난 닷새 동안 국경 분쟁으로 무력 충돌한 태국과 캄보디아가 트럼프 미 대통령 등의 중재로 휴전에 들어갔지만, 교전이 여전히 계속되고 있다는 태국 측 주장이 제기되면서 휴전 합의 이행 여부에 관심이 쏠리고 있습니다. 
  <br/>
<br/> 태국군 대변인은 29일(현지시간) 오전 성명을 내고 캄보디아군이 오늘 태국 영토 내 여러 지역에 무력 공격을 개시한 것을 감지했다고 말했습니다. 
  <br/>
<br/> 이어 이는 합의 위반이자 상호 신뢰를 훼손하려는 명백한 시도라면서 태국군이 자위권을 위해 비례적으로 보복했다고 밝혔습니다. 
  <br/>
<br/> 또 휴전을 위해 이날 오전 7시 국경 지역에서 개최할 예정이었던 양국 군사령관 회담이 오전 10시로 연기됐다고 덧붙였습니다. 
  <br/>
<br/> 이에 대해 캄보디아 국방부 대변인은 어느 지역에서도 서로 무력 충돌은 없었다고 반박했습니다. 
  <br/>
<br/> 훈 마네트 캄보디아 총리도 SNS에 올린 글에서 자정 휴전 이후 전선의 상황이 가라앉았다고 밝혀 태국 측과 상반된 주장을 폈습니다. 
  <br/>
<br/> (사진=AP, 연합뉴스)
 </div>"
중국 남부에서 치쿤구니야열병 확산…5천 명 확진,"<div class=""text_area"" itemprop=""articleBody"">
<div style=""text-align:center"">
<span style=""color:#808080""><strong>▲ 물고기 풀어 모기 박멸</strong></span>
</div>
<br/> 중국 남부 광둥성에서 뎅기열·지카바이러스 질병과 유사한 치쿤구니야 열병 확진자가 5천 명 가까이 발생했다고 홍콩 성도일보 등이 보도했습니다. 
  <br/>
<br/> 보도에 따르면 광둥성 12개 도시에서 치쿤구니야 열병 확진자가 올 들어 4천8백여 명 나왔으며, 대부분의 확진자가 광둥성 포산시에선 발생한 가운데 홍콩과 인접한 선전 시에서도 확진자가 나왔습니다. 
  <br/>
<br/> 다만, 보건당국은 확진자 가운데 중증이나 사망 사례는 없이 모두 경증이라고 밝혔습니다. 
  <br/>
<br/> 치쿤구니야 열병은 모기가 옮기는 바이러스 질환으로, 열과 심각한 관절 통증 등 증상을 동반합니다. 
  <br/>
<br/> 아직 사람간 전파 증거는 없습니다. 
  <br/>
<br/> 다만, 신생아나 65세 이상 고령자, 고혈압·심장병 등 기저질환자 등은 주의할 필요가 있습니다. 
  <br/>
<br/> 당국은 방충망을 설치하고 긴소매 옷을 입을 것을 권고하고, 수경재배 식물 등 고여 있는 물을 점검해 위험 요인을 제거하라고 덧붙였습니다. 
  <br/>
<br/> 또 지난 27일부터 연못과 시냇물 등에 모기 유충을 먹는 물고기 5천 마리를 풀어 모기 번식을 막는 작업을 벌이고 있습니다. 
  <br/>
<br/> (사진=광저우일보 캡처, 연합뉴스)
 </div>"
"트럼프, 정전협정일 메시지…""한미동맹 철통·한반도 보호 전념""","<div class=""text_area"" itemprop=""articleBody"">
<div style=""text-align:center"">
<span style=""color:#808080""><strong>▲ 도널드 트럼프 미국 대통령</strong></span>
</div>
<br/> 트럼프 미 대통령은 한국전쟁 정전협정 기념일을 맞아 철통 같은 한미동맹을 강조하며 한반도 보호에 전념하고 있다고 밝혔습니다. 
  <br/>
<br/> 트럼프 대통령은 정전협정 72주년 하루 뒤인 28일(현지시간) '대통령 메시지'를 내고, ""'힘에 의한 평화'라는 외교 정책에 따라 한반도를 보호하고 안전·안정·번영·평화라는 고귀한 대의를 위해 협력하는 데 전념하고 있다""고 밝혔습니다. 
  <br/>
<br/> 또 아시아에는 공산주의가 여전히 존재하지만, 미국과 한국의 군대는 오늘날까지 철통 같은 동맹 아래 단결해 있다고 강조했습니다. 
  <br/>
<br/> 트럼프는 첫 임기 때인 2017년 정전협정 64주년을 기념해 7월 27일을 '한국전 참전용사 정전기념일'로 선포하고 퇴임 전인 2020년까지 매년 '포고문'을 발표해 기념했습니다. 
  <br/>
<br/> (사진=AP, 연합뉴스)
 </div>"
"트럼프, 미중 정상회담 추진설에 ""가짜뉴스가 보도"" 거리두기","<div class=""text_area"" itemprop=""articleBody"">
<div style=""text-align:center"">
<span style=""color:#808080""><strong>▲ 트럼프 미국 대통령과 시진핑 중국 국가 주석</strong></span>
</div>
<br/> 트럼프 미 대통령은 자신이 시진핑 중국 국가 주석과 '정상회담'을 추진하고 있다는 가짜뉴스가 보도되고 있다고 주장했습니다. 
  <br/>
<br/> 트럼프 대통령은 28일(현지시간) SNS에 올린 글에서 이건 정확하지 않으며 자신은 아무것도 추진하고 있지 않다면서 이렇게 말했습니다. 
  <br/>
<br/> 트럼프는 자신이 중국에 갈지도 모르지만 만약 간다면 시 주석이 제의한 적이 있는 초청에 따른 것일 것이라며 초청이 아닌 다른 이유로는 중국 방문에 전혀 관심이 없다고 덧붙였습니다. 
  <br/>
<br/> 트럼프는 앞서 지난 22일 시 주석이 자신을 중국으로 초청했다면서 그리 머지않은 미래에 중국을 방문할 가능성을 언급한 바 있습니다.
 </div>"
"""대부분 15~20% 관세""…러트닉 찾아가 막판 총력전","<div class=""text_area"" itemprop=""articleBody"">
  &lt;앵커&gt; 
  <br/>
<br/> 트럼프 미국 대통령은 아직 합의하지 않은 대부분 국가에 15~20%의 상호관세가 부과될 것이라고 밝혔습니다. 우리 정부가 막판 총력전에 돌입한 가운데, 러트닉 미 상무장관은 한국 대표단이 스코틀랜드까지 찾아왔다고 말했습니다. 
  <br/>
<br/> 김경희 기자입니다. 
  <br/>
<br/> &lt;기자&gt; 
  <br/>
<br/> 스코틀랜드에서 영국 스타머 총리와 만난 미국 트럼프 대통령이 일반적인 상호관세율을 15~20%로 언급했습니다. 
  <br/>
<br/> 아직 미국과 무역합의에 이르지 못한 대부분 국가가 대상입니다. 
  <br/>
<br/> [도널드 트럼프/미국 대통령 : (다른 국가에) 잘 대해주고 싶습니다. 관세율은 15%~20% 정도가 될 것입니다. 아마 두 숫자 중 하나겠죠.] 
  <br/>
<br/> 주요 무역상대국인 한국은 별도 협상이 진행 중인 만큼 협상 결과에 따라 관세율이 매겨질 것으로 보입니다. 
  <br/>
<br/> 미영 정상회담에 배석하지 않고 미국으로 돌아온 러트닉 상무장관은 한국 협상단이 자신과 그리어 무역대표부 대표를 만나러 스코틀랜드로 찾아왔다고 확인했습니다. 
  <br/>
<br/> 앞서 미국에서 협상했던 김정관 산업장관과 여한구 통상교섭본부장이 러트닉 장관의 동선을 따라다니며 접촉을 시도한 걸로 보입니다. 
  <br/>
<br/> 하지만 추가 협상이 이뤄졌는지, 또 얼마나 이견이 좁혀졌는지 등은 알려지지 않았습니다. 
  <br/>
<br/> 미국과 중국의 3차 무역협상은 스웨덴 스톡홀름에서 시작됐습니다. 
  <br/>
<br/> 트럼프 대통령은 중국도 시장을 개방하기를 바란다고 말했습니다. 
  <br/>
<br/> [도널드 트럼프/미국 대통령 : 중국은 강경하고, 우리 모두 강경하죠. 하지만 어떻게 될지는 지켜봐야겠습니다.] 
  <br/>
<br/> 첫날 미중 협상은 5시간 동안 진행됐으며 협상은 다음날까지 이어질 예정입니다. 
  <br/>
<br/> 양측은 서로 115%포인트씩 관세를 내렸던 '관세 휴전'을 3개월 더 연장하는 방안을 논의 중인 것으로 전해졌습니다. 
  <br/>
<br/> (영상편집 : 김병직)
 </div>"
[자막뉴스] 뉴욕 맨해튼 한복판에서 소총 들고 나타나…순식간에 아수라장,"<div class=""text_area"" itemprop=""articleBody"">
  구급차와 사이렌 소리가 거리를 가득 메웠습니다. 
  <br/>
<br/> 현지 시간 28일 저녁 6시 30분쯤, 미국 뉴욕 맨해튼 중심가의 한 고층 빌딩에서 한 남성이 총기를 난사했습니다. 
  <br/>
<br/> 이 건물은 세계 최대 사모펀드 운용사 블랙스톤을 비롯해 KPMG, 도이체방크, 미국프로풋볼 본부, 아일랜드 뉴욕 총영사관 등 대형 금융사와 주요 시설들이 입주한 맨해튼 파크애비뉴에 있는 고층 빌딩입니다. 
  <br/>
<br/> 정확한 사상자 숫자가 엇갈리는 가운데, CNN 방송은 총기 난사 사건으로 총격범과 경찰관 1명을 포함해 최소 5명이 사망했다고 보도했습니다. 
  <br/>
<br/> 또 외신들은 익명의 경찰 소식통을 인용해, 용의자가 방탄조끼를 입고 있었고 소총을 소지하고 있었다고 말했습니다. 
  <br/>
<br/> 용의자는 건물 33층에서 총에 맞아 숨진 채로 발견됐고, 희생자들도 같은 층에 있었던 것으로 전해졌습니다. 
  <br/>
<br/> 에릭 애덤스 뉴욕 시장은 뉴욕 주민들에게 사건 발생 지역 방문을 피하라고 경고했습니다. 
  <br/>
<br/> ( 취재: 정혜경 / 영상편집: 김나온 / 디자인: 임도희 / 제작: 디지털뉴스편집부 )
 </div>"
"대형금융사 입주 뉴욕 맨해튼 빌딩서 총기난사…""경찰 등 4명 숨져""","<div class=""text_area"" itemprop=""articleBody"">
<div style=""text-align:center"">
<span style=""color:#808080""><strong>▲ 미국 뉴욕 맨해튼 중심가의 한 고층 빌딩에서 28일(현지시간) 한 남성이 총기를 난사한 사건한 빌딩 주변에 미 연방수사국(FBI) 요원들이 배치된 모습. </strong></span>
</div>
<br/> 미국 뉴욕 맨해튼 중심가의 한 고층 빌딩에서 28일(현지시간) 한 남성이 총기를 난사하는 사건이 발생했습니다. 
  <br/>
<br/> 정확한 사상자 숫자가 엇갈리는 가운데 로이터 통신은 이날 총기난사로 경찰관 1명을 포함해 3명이 다쳤다고 보도했습니다. 
  <br/>
<br/> 이날 사고는 세계 최대 사모펀드 운용사 블랙스톤을 비롯해 KPMG, 도이체방크, 미국프로풋볼(NFL) 본부, 아일랜드 뉴욕 총영사관 등 대형 금융 기관과 주요 시설 등이 입주한 맨해튼 파크애비뉴 345번지 고층 빌딩에서 발생했습니다. 
  <br/>
<br/> 현지 경찰은 사건과 관련한 자세한 내용을 공개하지 않았으나 법 집행 당국 소식통은 경찰관 1명과 민간인 2명이 총격을 당했으며 이들의 부상 상태는 아직 알려지지 않았다고 말했습니다. 
  <br/>
<br/> 뉴욕포스트는 이날 사고가 저녁 6시30분 발생했다며 경찰관 1명을 포함해 4명이 숨졌으며 6명이 다쳤다고 보도했습니다. 
  <br/>
<br/> 신문은 익명의 경찰 소식통을 인용해 용의자가 방탄조끼를 입고 AR 계열의 소총을 소지하고 있었다고 말했습니다. 
  <br/>
<br/> 용의자는 건물 33층에서 총에 맞아 숨진 채로 발견됐으며 희생자들도 같은 층에 있었다고 전했습니다. 
  <br/>
<br/> 희생자가 더 늘어날 가능성이 있다고 소식통은 덧붙였습니다. 
  <br/>
<br/> 에릭 애덤스 뉴욕 시장은 사건에 대한 브리핑을 받은 뒤 뉴욕 주민들에게 사건 발생 지역 방문을 피하라고 경고했습니다. 
  <br/>
<br/> 애덤스 시장은 이날 사고 후 엑스(X·옛 트위터)를 통해 ""미드타운에서 발생한 총격 사고에 대한 수사가 진행중""이라고 말했습니다. 
  <br/>
<br/> (사진=게티이미지코리아)
 </div>"
15년 전 납치·실종 사건 연루…스리랑카 전 해군 사령관 체포,"<div class=""text_area"" itemprop=""articleBody"">
<div style=""text-align:center"">
<span style=""color:#808080""><strong>▲ 니샨타 울루게텐느 전 해군 사령관</strong></span>
</div>
<br/> 15년 전 발생한 납치·실종 사건 연루 의혹으로 스리랑카 전 해군 사령관이 현지 수사당국에 체포됐습니다. 
  <br/>
<br/> 29일(현지시간) AFP통신에 따르면 스리랑카 경찰청 범죄수사국(CID)은 최근 니샨타 울루게텐느 전 해군 사령관을 체포해 구금했습니다. 
  <br/>
<br/> 그는 2010년 발생한 40대 남성 납치·실종 사건에 연루된 의혹을 받고 있습니다. 
  <br/>
<br/> 당시 울루게텐느 전 사령관은 해군 정보국장을 맡고 있었으며 실종자는 그의 지휘로 운영된 비밀 구금 시설에 수감됐다고 현지 매체는 전했습니다. 
  <br/>
<br/> 스리랑카 경찰은 구치소에서 보낸 것으로 추정되는 편지를 바탕으로 수사를 시작했으며 이 사건과 관련해 이미 여러 용의자를 체포한 것으로 전해졌습니다. 
  <br/>
<br/> 울루게텐느 전 사령관은 오는 30일까지 구금 상태에서 재판받게 된다고 AFP는 보도했습니다. 
  <br/>
<br/> 그는 2022년 12월 해군에서 퇴역한 뒤 쿠바 주재 스리랑카 대사를 지냈습니다. 
  <br/>
<br/> 스리랑카 경찰 관계자는 AFP에 ""2010년 실종된 남성과 관련한 진술을 확보한 뒤 울루게텐느 전 사령관을 체포했다""고 말했습니다. 
  <br/>
<br/> AFP는 이번 수사가 과거 스리랑카 내전 기간에 발생한 전쟁범죄와 관련이 있을 가능성을 제기했습니다. 
  <br/>
<br/> 1983년 시작해 2009년 정부군의 승리로 끝난 스리랑카 내전 당시 타밀족 반군과 민간인 등 10만여 명이 숨졌습니다. 
  <br/>
<br/> 2019년 현지 법원 기록에 따르면 피해자 11명이 해군에 의해 불법 구금된 상태에서 살해됐고, 그들의 시신은 끝내 발견되지 않았습니다. 
  <br/>
<br/> 경찰 수사관들은 납치와 살인 사건의 실제 피해자 수가 최소 3배 이상일 것으로 추정했습니다. 
  <br/>
<br/> (사진=방글라데시 매체 데일리선 홈페이지 캡처, 연합뉴스)
 </div>"
"[자막뉴스] 미 상무장관 ""한국 당국자들, 나 만나러 스코틀랜드까지""","<div class=""text_area"" itemprop=""articleBody"">
  하워드 러트닉 미국 상무장관이, 자신이 스코틀랜드에서 트럼프 대통령 방문을 수행하는 동안 한국 당국자들이 찾아왔다고 폭스뉴스 인터뷰에서 밝혔습니다. 
  <br/>
<br/> 진행자가 한국과의 관세 협상이 어떻게 되고 있는지를 물으면서, ""그들이 일본을 부러워하고 있느냐""고 묻자 이렇게 답한 겁니다. 
  <br/>
<br/> [하워드 러트닉 / 미국 상무장관 (FOX 뉴스 인터뷰 7월 28일자 방송) : 한국인들이 저녁 식사 후 나와 제이미슨 그리어(무역대표부 대표)를 만나기 위해 스코틀랜드로 비행기를 타고 왔습니다. 그들이 얼마나 협상 타결을 원하는지 한 번 생각해보세요.] 
  <br/>
<br/> 러트닉 장관이 언급한 한국인들은, 김정관 산업통상자원부 장관과 여한구 통상교섭본부장을 이르는 것으로 보입니다. 
  <br/>
<br/> 이들은 지난 24일부터 미국 워싱턴 DC와 뉴욕에서, 러트닉 장관 등을 만나 협상을 진행했고, 이후 러트닉 장관이 스코틀랜드로 대통령 수행을 하러 간다는 사실을 알게 된 뒤, 곧장 스코틀랜드로 향한 것으로 알려졌습니다. 
  <br/>
<br/> 러트닉 장관은 27일 미국-EU 간 정상회담을 가진 뒤 무역합의를 발표하는 자리에 참석했지만, 트럼프 대통령과 키어 스타머 영국 총리 간 이뤄진 미영 정상회담에는 배석하지 않았습니다. 
  <br/>
<br/> 이날 또는 전날을 전후해 김 장관, 여 본부장과 접촉이 있었을 것으로 풀이됩니다. 
  <br/>
<br/> 김 장관과 여 본부장은 스코틀랜드에서 다시 워싱턴으로 이동해, 미국 상호관세 부과 유예 시한인 8월 1일 전까지 러트닉 장관과 막판 협상을 이어갈 전망입니다. 
  <br/>
<br/> (취재: 정혜경 / 영상편집 : 김수영 / 디자인: 임도희 / 제작: 디지털뉴스편집부)
 </div>"
[글로벌D리포트] '보잉의 저주(?)' 바퀴 고장난 비행기…필사의 탈출,"<div class=""text_area"" itemprop=""articleBody"">
  [오 세상에!] 
  <br/>
<br/> 비행기 동체 아랫 부분에서 시뻘건 불길이 치솟고 매캐한 연기가 뿜어져 나옵니다. 
  <br/>
<br/> 탑승객들은 비상 슬라이드를 타고 서둘러 대피를 시도합니다. 
  <br/>
<br/> 한 남성은 아이를 안은 채 슬라이드에서 내려오다 넘어집니다. 
  <br/>
<br/> [괜찮아요?] 
  <br/>
<br/> 사고가 난 비행기는 아메리칸 항공의 보잉 737 맥스 8 기종입니다. 
  <br/>
<br/> 현지시간 그제 오후 미국 덴버에서 마이애미로 출발하려던 중이었습니다. 
  <br/>
<br/> 비행기 안에는 승객 170여 명과 승무원 8명이 타고 있었는데 이륙을 위해 활주로에서 속도를 높이는 순간 비행기 아랫부분에서 화염이 치솟았습니다. 
  <br/>
<br/> 이후 굉음과 함께 비행기 바퀴가 떨어져 나갔고 동체가 강하게 흔들리자 조종사는 이륙을 즉시 중단하고, 승객들을 비상 대피시켰습니다. 
  <br/>
<br/> 이 사고로 다행이 큰 인명피해는 없었고 1명이 경미한 부상으로 병원으로 이송됐습니다. 
  <br/>
<br/> 일부 승무원들은 출발 당시 랜딩기어에 문제가 발생했을 가능성이 있다고 말했지만 미국 연방항공국은 조사 결과 비행기 타이어에 결함이 있는 걸로 확인됐다고 밝혔습니다. 
  <br/>
<br/> 보잉 항공기 안전 문제는 이번이 처음이 아닙니다. 
  <br/>
<br/> 지난 18일에는 LA 국제공항에서 애틀랜타로 향하던 보잉 767 기의 왼쪽 엔진에서 불이 났습니다. 
  <br/>
<br/> 지난달 12일 인도에선 보잉 787-8 항공기가 공항 인근 주택가에 추락해 탑승자 240여 명이 사망했습니다. 
  <br/>
<br/> 지난 몇 년 사이 보잉 항공기의 치명적 사고와 중대 결함 문제가 계속되면서 안전 논란은 확산될 걸로 보입니다. 
  <br/>
<br/> (취재: 이한석, 영상편집: 박은하, 제작: 디지털뉴스편집부)
 </div>"
콜드플레이 공연장 '키스캠'에 메시 부부 포착…관객들 환호,"<div class=""text_area"" itemprop=""articleBody"">
<div style=""text-align:center"">
<span style=""color:#808080""><strong>▲ 콜드플레이 콘서트장 카메라에 포착된 메시 부부</strong></span>
</div>
<br/> 최근 화제가 된 록밴드 콜드플레이 콘서트장의 커플 촬영 카메라 '키스캠'(Kiss Cam)에 세계적인 축구 스타 리오넬 메시(38) 부부가 포착돼 팬들의 관심을 끌었습니다. 
  <br/>
<br/> 28일(현지시간) USA투데이와 ESPN 등 미 언론에 따르면 메시와 그의 아내 안토넬라 로쿠소는 전날 밤 미국 마이애미 하드록 스타디움에서 열린 콜드플레이 콘서트를 관람하다 현장 키스캠에 포착돼 대형 전광판에 모습을 드러냈습니다. 
  <br/>
<br/> 이에 콜드플레이의 리드 보컬 크리스 마틴은 ""리오, 내 아름다운 동생. 당신과 당신의 아내는 정말 좋아 보인다""는 가사를 붙여 짧게 노래한 뒤 ""오늘 우리 밴드 공연을 보러 와줘서 고맙다. 역대 최고의 스포츠 선수""라고 찬사를 보냈습니다. 
  <br/>
<br/> 메시는 영어를 못하지만, 마틴의 말을 이해한 듯 활짝 웃었고 손을 흔들며 박수를 보냈습니다. 
  <br/>
<br/> 관객들은 ""메시!""를 연호하며 환영했습니다. 
  <br/>
<br/> 메시는 이 공연이 끝난 뒤 인스타그램에 아내, 세 아들과 함께 콘서트장에서 찍은 사진들을 올렸습니다. 
  <br/>
<br/> 이 게시물은 18시간 동안 '좋아요' 680만여 개를 받았습니다. 
  <br/>
<br/> 미국 메이저리그사커(MLS) 인터 마이애미에서 뛰는 메시는 올스타전 불참으로 지난 26일 1경기 출전 금지 징계를 받았었습니다. 
  <br/>
<br/> 한편 콜드플레이 콘서트의 명물로 떠오른 키스캠은 공연 중 카메라로 객석의 커플을 비추고, 즉석에서 노래를 불러주는 등의 이벤트로 인기를 끌고 있습니다. 
  <br/>
<br/> 원래 주로 팬들 사이에서 유명했으나, 근래 미국에서 한 '불륜' 커플이 포착된 뒤 큰 화제가 됐습니다. 
  <br/>
<br/> 지난 16일 매사추세츠주 보스턴에서 열린 콘서트에서 키스캠에 서로를 안고 무대를 바라보는 한 중년 남녀의 모습이 잡혔는데, 전광판에서 자신들의 모습을 확인한 이 커플은 황급히 서로에게서 떨어져 얼굴을 숨겼습니다. 
  <br/>
<br/> 이 모습을 담은 영상이 틱톡 등 소셜미디어(SNS)를 통해 급속히 확산하면서 남녀의 신원이 미 IT기업 아스트로노머의 최고경영자(CEO) 앤디 바이런과 같은 회사의 최고인사책임자(CPO) 크리스틴 캐벗으로 밝혀졌고, 이후 며칠 만에 두 사람 모두 회사를 떠났습니다. 
  <br/>
<br/> (사진=ESPN FC 틱톡 게시 영상 캡처, 연합뉴스)
 </div>"
"우크라 정보당국 ""북한, 러시아에 포탄 650만 발 제공""","<div class=""text_area"" itemprop=""articleBody"">
<div style=""text-align:center"">
<span style=""color:#808080""><strong>▲ 우크라이나군이 포착한 북한 다연장포</strong></span>
</div>
<br/> 북한이 우크라이나와 전쟁 중인 러시아에 그동안 어떤 무기를 얼마나 공급했는지 우크라이나 대외정보당국이 비교적 구체적으로 공개했습니다. 
  <br/>
<br/> 우크라이나 해외정보국(FISU)은 28일(현지시간) 자국 인터넷 매체 리가넷의 질의에 답변하면서 북한이 러시아에 다양한 구경의 포탄 650만 발을 공급했다고 밝혔습니다. 
  <br/>
<br/> 우크라이나 당국은 북한이 사실상 러시아군이 사용하는 모든 구경의 탄약을 공급하는 주된 국가가 되고 있다면서 앞으로도 포탄과 로켓탄 공급이 계속될 것으로 예상했습니다. 
  <br/>
<br/> 그러면서 지금까지 북한이 다양한 사거리와 파괴력을 가진 무기체계 약 600문을 러시아에 공급한 것으로 분석하고 있다고 밝혔습니다. 
  <br/>
<br/> 해외정보국에 따르면 북한은 단거리탄도미사일(SRBM) 이스칸데르형 전술유도탄 KN-23, 에이태큼스형 전술유도탄 KN-24, 초대형 방사포 KN-25와 이동식 발사대 다수를 러시아에 공급했습니다. 
  <br/>
<br/> 또한 240㎜ 방사포 M-1991 120문, M-1989 장사정 자주포 120문, 122㎜ D-74 곡사포 100문, 140㎜ M1982 박격포 약 100문, 63식 107㎜ 다연장로켓 최소 165문 등도 공급한 것으로 파악했다고 밝혔습니다. 
  <br/>
<br/> 해외정보국은 ""러시아군은 일부 북한제 무기에 대해 효율이 떨어지고 유지보수가 어렵다고 평가하고 있지만, 북한과 러시아의 군사 기술 협력은 양국 상호 간에 이득이 되고 있다""고 진단했습니다. 
  <br/>
<br/> 특히 ""북한이 실전 환경에서 자국 무기체계를 시험하고 개선할 기회를, 러시아는 전투 손실분을 보충할 기회를 얻고 있다""고 평가했습니다. 
  <br/>
<br/> 앞서 한국 국가정보원은 북한이 러시아에 이미 포탄 1천200만 발을 보낸 것으로 추정한 바 있습니다. 
  <br/>
<br/> (사진=우크라이나군 텔레그램 캡처, 연합뉴스)
 </div>"
"러트닉 미 상무 ""한국 관리, 나 만나러 스코틀랜드로 날아와""","<div class=""text_area"" itemprop=""articleBody"">
<div style=""text-align:center"">
<span style=""color:#808080""><strong>▲ 하워드 러트닉 미국 상무장관</strong></span>
</div>
<br/> 하워드 러트닉 미국 상무장관이 자신이 트럼프 대통령의 스코틀랜드 방문을 수행하는 동안 한국 당국자들이 자신을 만나기 위해 찾아왔다고 확인했습니다. 
  <br/>
<br/> 러트닉 장관은 이날 폭스뉴스 인터뷰에서 ""한국인들이 저녁 식사 후 나와 그리어 미 무역대표부(USTR) 대표를 만나기 위해 스코틀랜드로 비행기를 타고 왔다""고 말했습니다. 
  <br/>
<br/> 이런 발언은 진행자가 '한국은 협상이 진행 중인가? 일본을 부러워하고 있나'라는 물음에 대한 답변으로 나왔습니다. 
  <br/>
<br/> 러트닉 장관은 이어 ""내 말은, 그들이 얼마나 진정으로 협상 타결을 원하는지를 생각해보라는 것""이라고 덧붙였습니다. 
  <br/>
<br/> 러트닉 장관이 언급한 '한국인들'은 김정관 산업통상자원부 장관과 여한구 산업부 통상교섭본부장을 지칭하는 것으로 보입니다. 
  <br/>
<br/> 김 장관과 여 본부장은 지난 24∼25일 워싱턴DC와 뉴욕에서 잇따라 러트닉 장관 등을 만나 협상을 했으며, 이후 러트닉 장관이 트럼프 대통령의 스코틀랜드 방문을 수행한다는 것을 파악한 뒤 급거 스코틀랜드로 향한 것으로 알려졌습니다. 
  <br/>
<br/> 러트닉 장관은 김 장관과 여 본부장이 찾아온 시점을 명확히 언급하지는 않았지만, 26일 혹은 27일일 가능성이 있어 보입니다. 
  <br/>
<br/> 러트닉 장관은 전날 스코틀랜드 턴베리에서 열린 트럼프 대통령과 폰데어라이엔 유럽연합(EU) 집행위원장의 회동 장소에 배석했고, 이날 트럼프 대통령과 스타머 영국 총리와의 정상회담에는 참석하지 않았습니다. 
  <br/>
<br/> 러트닉 장관이 인터뷰에서 ""방금 스코틀랜드에서 돌아왔다""고 밝힌 점으로 미뤄 김 장관과 여 본부장 역시 그의 동선을 따라 워싱턴DC로 향했을 것으로 보입니다. 
  <br/>
<br/> 김 장관과 여 본부장은 미국의 상호관세 부과 유예 시한인 8월 1일 전까지 러트닉 장관과 막판 협상을 이어갈 것으로 관측됩니다. 
  <br/>
<br/> 러트닉 장관은 아울러 ""트럼프 대통령이 운전석에 앉아 있다. 그는 모든 카드를 손에 쥐고 있으며, 그가 말했듯이 관세율을 결정하고 국가들이 시장을 얼마나 개방할지를 결정할 것""이라며 ""그리고 이는 이번 주에 진행될 것""이라고 말했습니다. 
  <br/>
<br/> 그는 '8월 1일 전에 모든 거래가 성사될 가능성이 있나'라는 질의엔 ""그렇다. 모두 준비가 돼 있다. 내 역할은 대통령을 위해 테이블을 준비하는 것이고, 그가 무엇을 할지 결정한다""며 ""우리에게 완전히 시장을 개방한 국가들이 있고, 일부는 조금 덜 제안했다. 대통령은 '이게 내가 원하는 방식'이라고 말하며 결정할 것""이라고 답했습니다. 
  <br/>
<br/> (사진=게티이미지코리아)
 </div>"
"미 네바다주 리노 카지노 주차장서 총기난사…3명 사망, 3명 부상","<div class=""text_area"" itemprop=""articleBody"">
<div style=""text-align:center"">
<span style=""color:#808080""><strong>▲ 28일 총격 사건이 벌어진 네바다주 리노의 리조트 </strong></span>
</div>
<br/> 미국 네바다주 리노에 있는 카지노 리조트에서 총격이 발생해 3명이 사망하고 3명이 다쳤다고 미 언론이 28일(현지시간) 전했습니다. 
  <br/>
<br/> 리노 경찰국에 따르면 지역 경찰은 이날 오전 7시 25분 리노에 있는 '그랜드 시에라 리조트 앤드 카지노' 야외 주차장에서 총격이 발생했다는 신고를 받고 현장에 출동했습니다. 
  <br/>
<br/> 경찰은 이날 오후 기자회견에서 이 사건으로 3명이 숨지고 3명이 다쳤다고 밝혔습니다. 
  <br/>
<br/> 부상자들 중 2명은 위중한 상태이고, 다른 1명은 경상으로 병원에 치료받은 뒤 퇴원했습니다. 
  <br/>
<br/> 앞서 AP와 CNN 방송 등은 지역 보건 당국 관계자의 말을 인용해 사망자가 2명이라고 보도했으나, 경찰 발표에 따라 사망자는 3명으로 늘었습니다. 
  <br/>
<br/> 경찰이 현재까지 조사한 바로는 총격 용의자와 피해자들 간에 연관성이 없어 총기 난사 사건으로 추정됩니다. 
  <br/>
<br/> 범행 동기는 파악되지 않았다고 경찰은 덧붙였습니다. 
  <br/>
<br/> 경찰은 처음 신고를 받고 2분 30초 만에 현장에 도착해 용의자에게 총격을 가하며 추가 범행을 저지했다고 밝혔습니다. 
  <br/>
<br/> 남성인 용의자는 경찰에 붙잡힌 뒤 병원으로 이송됐습니다. 
  <br/>
<br/> 경찰은 용의자의 신원이나 현재 상태에 대해서는 밝히지 않았습니다. 
  <br/>
<br/> CNN은 법 집행 당국 소식통을 인용해 총격범이 사건 전 약 45분 동안 주차장을 서성이는 모습이 목격됐다고 전했습니다. 
  <br/>
<br/> 현장을 목격한 리조트 투숙객 마이클 시스코(60)는 외출하려고 자신의 방을 나오기 직전에 총성이 들려 창문 밖을 내다보니 대리주차(발렛파킹) 구역에서 사람들이 비명을 지르며 도망치고 있었다고 AP에 전했습니다. 
  <br/>
<br/> 시스코는 또 한 남자가 배를 잡고 비틀거리다가 자동차 옆에서 쓰러지는 것을 봤으며, 이후에도 총격이 이어진 탓에 창문에서 떨어져 피했다고 말했습니다. 
  <br/>
<br/> 그는 ""내가 그곳에 있을 수 있었다는 것을 깨닫자 몸이 떨리기 시작했다""며 ""바로 그곳이 내가 가려던 장소였다""고 덧붙였습니다. 
  <br/>
<br/> 총격이 발생한 리조트는 네바다 북부에서 가장 큰 카지노로, 리노-타호 국제공항 인근에 있으며 약 2천 개의 호텔 객실을 갖추고 있습니다. 
  <br/>
<br/> AP는 이 리조트에서 지난해 1월에도 2명의 남성이 리조트에 머물고 있던 또 다른 남성을 총으로 쏴 살해한 혐의로 기소되는 사건이 있었다고 전했습니다. 
  <br/>
<br/> 리노 시의원 데본 리스는 이날 소셜미디어에 올린 글에서 ""피해자들과 그들의 가족, 그리고 우리 커뮤니티 전체를 생각하면 가슴이 아프다""며 ""리노는 강하지만, 우리는 이 나라를 휩쓸고 있는 총기 폭력의 전염병으로부터 자유롭지 못하다""고 지적했습니다. 
  <br/>
<br/> (사진=AP, 연합뉴스)
 </div>"
'중국에 반도체설계 제품 불법판매' 미 케이던스에 벌금 2천억 원,"<div class=""text_area"" itemprop=""articleBody"">
<div style=""text-align:center"">
<span style=""color:#808080""><strong>▲ 미 반도체 설계기업 케이던스 디자인</strong></span>
</div>
<br/> 미국 법무부는 중국에 반도체 설계 제품을 불법 판매한 혐의로 미 반도체 설계 기업 케이던스 디자인에 1억4천만 달러(1천946억 원)의 벌금을 부과했다고 28일(현지시간) 밝혔습니다. 
  <br/>
<br/> 케이던스 디자인은 혐의를 인정했으며, 이에 벌금을 부과하기로 합의했다고 법무부는 전했습니다. 
  <br/>
<br/> 케이던스 디자인은 2015년부터 2021년까지 중국 국방과학기술대학(NUDT)을 대리하는 위장 업체들에 불법적으로 반도체 설계 소프트웨어와 하드웨어를 판매해 미 당국의 수출 통제를 위반한 혐의를 받습니다. 
  <br/>
<br/> NUDT는 미국 기술을 슈퍼컴퓨터에 사용하는 것을 막기 위해 2015년 미 상무부의 수출 통제 명단에 올랐다고 법무부는 설명했습니다. 
  <br/>
<br/> 이번 조사는 4년 넘게 진행됐으며, 케이던스는 2021년 2월 상무부로부터 중국 내 특정 고객 관련 기록을 요구받고 2023년 11월에는 이와 관련해 법무부로부터 회사의 중국 내 사업 활동에 대한 자료 일체를 요구받은 바 있습니다. 
  <br/>
<br/> 케이던스 디자인은 반도체를 설계하고 결함 검증에 필요한 전자설계자동화(EDA) 소프트웨어 기업으로 엔비디아와 퀄컴 등을 고객사로 두고 있습니다. 
  <br/>
<br/> NUDT는 한때 세계 최고 슈퍼컴퓨터로 불렸던 톈허-2(Tianhe-2)를 포함해 대학 슈퍼컴퓨터용 칩을 개발했으며, 미국은 이 슈퍼컴퓨터가 핵폭발 장치의 연구나 개발에 사용된 것으로 보고 있다고 로이터 통신은 전했습니다. 
  <br/>
<br/> 또 미국과 중국이 무역 협상을 진행 중인 가운데 이뤄진 이번 합의는, 미국이 협상의 하나로 일부 규제를 완화하면서도 대중국 수출 통제를 계속 강력하게 집행할 의지가 있음을 보여준다고 로이터는 평가했습니다. 
  <br/>
<br/> (사진=로이터, 연합뉴스)
 </div>"
"'오징어게임' 옷 입고…'아찔' 도로 걷는 사람들, 무슨 일","<div class=""text_area"" itemprop=""articleBody"">
  드라마 오징어게임의 팬들인가 보죠? 
  <br/>
<br/> 운동복으로 맞춰 입은 사람들이 길을 걷고 있습니다. 
  <br/>
<br/> 그런데 드라마 속 게임 장면 못지않게 위험해 보입니다. 
  <br/>
<br/> 인도 벵갈루루에서 포착된 모습입니다. 
  <br/>
<br/> 사실 드라마 패러디는 아니고요. 
  <br/>
<br/> 무너진 보도블럭과 마구잡이로 뚫린 구멍 등 보행자를 위협하는 이 지역의 길 상태를 알려서 시 당국에 보수를 촉구하려고 만든 영상이라고 하네요. 
  <br/>
<br/> 마을의 위험한 길들이 다 사라질 때까지 이 기발한 시위는 계속될 예정이라고 하네요. 
  <br/>
<br/> (화면출처 : 유튜브 THEJAIPURDIALOGUES)
 </div>"
"미 상무 ""한국 관리, 나 만나러 스코틀랜드 날아와…협상타결 원해""","<div class=""text_area"" itemprop=""articleBody"">
<div style=""text-align:center"">
<span style=""color:#808080""><strong>▲ 하워드 러트닉 미국 상무장관</strong></span>
</div>
<br/> 하워드 러트닉 미국 상무장관이 28일(현지시간) 자신이 도널드 트럼프 대통령의 스코틀랜드 방문을 수행하는 동안 한국 당국자들이 자신을 만나기 위해 찾아왔다고 확인했습니다. 
  <br/>
<br/> 러트닉 장관은 이날 폭스뉴스 인터뷰에서 ""한국인들이 저녁 식사 후 나와 (제이미슨) 그리어 미 무역대표부(USTR) 대표를 만나기 위해 스코틀랜드로 비행기를 타고 왔다""고 말했습니다. 
  <br/>
<br/> 이는 진행자가 '한국은 협상이 진행 중인가? 일본을 부러워하고 있나'라는 물음에 대한 답변으로 나왔습니다. 
  <br/>
<br/> 러트닉 장관은 이어 ""내 말은, 그들이 얼마나 진정으로 협상 타결을 원하는지를 생각해보라는 것""이라고 덧붙였습니다. 
  <br/>
<br/> 러트닉 장관이 언급한 '한국인들'은 김정관 산업통상자원부 장관과 여한구 산업부 통상교섭본부장을 지칭하는 것으로 보입니다. 
  <br/>
<br/> 김 장관과 여 본부장은 지난 24∼25일 워싱턴DC와 뉴욕에서 잇따라 러트닉 장관 등을 만나 협상을 했으며, 이후 러트닉 장관이 트럼프 대통령의 스코틀랜드 방문을 수행한다는 것을 파악한 뒤 급거 스코틀랜드로 향한 것으로 알려졌습니다. 
  <br/>
<br/> 러트닉 장관은 김 장관과 여 본부장이 찾아온 시점을 명확히 언급하지는 않았지만, 26일 혹은 27일일 가능성이 있어 보입니다. 
  <br/>
<br/> 러트닉 장관은 전날 스코틀랜드 턴베리에서 열린 트럼프 대통령과 우르줄라 폰데어라이엔 유럽연합(EU) 집행위원장의 회동 장소에 배석했고, 이날 트럼프 대통령과 키어 스타머 영국 총리와의 정상회담에는 참석하지 않았습니다. 
  <br/>
<br/> 러트닉 장관이 인터뷰에서 ""방금 스코틀랜드에서 돌아왔다""고 밝힌 점으로 미뤄 김 장관과 여 본부장 역시 그의 동선을 따라 워싱턴DC로 향했을 것으로 보입니다. 
  <br/>
<br/> 김 장관과 여 본부장은 미국의 상호관세 부과 유예 시한인 8월 1일 전까지 러트닉 장관과 막판 협상을 이어갈 것으로 관측됩니다. 
  <br/>
<br/> 러트닉 장관은 아울러 ""트럼프 대통령이 운전석에 앉아 있다. 그는 모든 카드를 손에 쥐고 있으며, 그가 말했듯이 관세율을 결정하고 국가들이 시장을 얼마나 개방할지를 결정할 것""이라며 ""그리고 이는 이번 주에 진행될 것""이라고 말했습니다. 
  <br/>
<br/> 그는 '8월 1일 전에 모든 거래가 성사될 가능성이 있나'라는 질의엔 ""그렇다. 모두 준비가 돼 있다. 내 역할은 대통령을 위해 테이블을 준비하는 것이고, 그가 무엇을 할지 결정한다""며 ""우리에게 완전히 시장을 개방한 국가들이 있고, 일부는 조금 덜 제안했다. 대통령은 '이게 내가 원하는 방식'이라고 말하며 결정할 것""이라고 답했습니다. 
  <br/>
<br/> (사진=AP, 연합뉴스)
 </div>"
하늘서 열린 결혼식…기내서 혼인 서약에 피로연까지,"<div class=""text_area"" itemprop=""articleBody"">
  일반적으로 결혼을 할 때 예식장을 빌리는 경우가 많은데 이런 건 또 새롭네요. 
  <br/>
<br/> 하늘에서 결혼식을 연 사람들이 눈길을 끌고 있습니다. 
  <br/>
<br/> 예복 차림의 신랑신부가 활주로를 가로질러 여객기로 오릅니다. 
  <br/>
<br/> 결혼식 후 옷도 안 갈아입고 곧장 신혼여행을 가는 건가 싶었는데, 사실 본격적인 결혼식은 지금부터 시작입니다. 
  <br/>
<br/> 이 남자는 홍콩과 호주의 비행기 시승 전문 유튜버로 신부 또한 항공사 승무원 출신으로 알려졌습니다. 
  <br/>
<br/> 둘 다 여객기와는 뗄래야 뗄 수 없는 관계인 데다가 연애 시절 특별한 추억이 가득한 곳이기 때문에 결혼식 장소를 여객기 안으로 정했다고 하네요. 
  <br/>
<br/> 기내에서 혼인 서약을 하고 피로연까지 즐기며 결혼식을 성공적으로 치렀는데, 주인공인 신랑신부는 물론이고 하객들한테도 평생 잊지 못할 날이 될 것 같습니다. 
  <br/>
<br/> (화면출처 : 인스타그램 samchui)
 </div>"
미용 맡겼더니 때리고 밀치고…'학대 미용사' 결국,"<div class=""text_area"" itemprop=""articleBody"">
  미국 노스캐롤라이나주의 한 반려동물 전용 미용실입니다. 
  <br/>
<br/> 그런데 고객이 맡긴 반려견을 이렇게 다뤄도 되나요? 
  <br/>
<br/> 미용사가 반려견을 때리고 벽으로 밀치는 등 공격적으로 대하는 모습이 카메라에 포착됐습니다. 
  <br/>
<br/> 이 사건은 같이 근무하는 동료가 촬영해 인터넷에 공개하면서 널리 알려지게 됐는데, 당시 영상에 따르면 최소 반려견 4마리가 해당 미용사로부터 반복적인 폭행을 당했다고 하네요. 
  <br/>
<br/> 논란이 일자 현지 당국이 수사에 착수했고 결국 미용사는 동물 학대 혐의로 기소됐습니다. 
  <br/>
<br/> (화면출처 : 엑스 realnorma_kay, RevolvingSab, 틱톡 butrflybabe)
 </div>"
자전거로 유럽서 베트남까지…특별 의미 담긴 '감동 질주',"<div class=""text_area"" itemprop=""articleBody"">
  아일랜드의 한 남자가 유럽에서 베트남까지 약 1만 2천㎞에 달하는 자전거 여행에 성공했습니다. 
  <br/>
<br/> 감동적인 의미까지 담았다고 하네요. 
  <br/>
<br/> 자전거 페달을 돌릴수록 주변 풍경이 휙휙 바뀝니다. 
  <br/>
<br/> 유럽에서 베트남까지 자전거 여행에 나선 아일랜드 더블린 출신의 20대 남자입니다. 
  <br/>
<br/> 이 남자는 지난해 7월, 6달 동안의 체력 훈련을 마치자마자 스페인을 시작으로 아시아로 향했습니다. 
  <br/>
<br/> 최종 목적지는 베트남으로 정했는데, 하루 평균 5시간씩 페달을 밟았다고 하네요. 
  <br/>
<br/> 무려 1만 2천㎞에 달하는 여정 동안 무릎 부상에 자전거 고장, 독감과 열사병 등 여러 번의 위기가 있었지만, 암 환자들을 위한 모금 활동이라는 특별한 의미까지 담은 여정이었기에 포기할 수 없었다고 합니다. 
  <br/>
<br/> (화면출처 : 인스타그램 gavinquinn97)
 </div>"
"미 백악관 ""트럼프, 북 비핵화 위해 김정은과 대화에 열려 있어""","<div class=""text_area"" itemprop=""articleBody"">
  미국 백악관은 김여정 북한 노동당 부부장이 북한의 비핵화를 위한 북미 간 협상은 불가능하다는 입장을 밝힌 것에 대해 트럼프 대통령은 여전히 북한 비핵화를 위해 김정은 국무위원장과 대화하고 싶어 한다는 입장을 밝혔습니다. 
  <br/>
<br/> 백악관 당국자는 현지시간 28일 트럼프 대통령은 북한의 핵 프로그램을 완전히 끝내기 위해 북한 지도자 김정은과 소통하는 데 여전히 열려 있다고 밝혔다고 로이터통신이 보도했습니다. 
  <br/>
<br/> 앞서 김 부부장은 '조미 사이의 접촉은 미국의 '희망'일 뿐이다'라는 담화에서 ""우리 국가수반과 현 미국 대통령 사이의 개인적 관계가 나쁘지 않다는 사실을 부정하고 싶지는 않다""면서도 북한의 비핵화를 목표로 한 미국과 협상은 하지 않겠다는 그간의 입장을 재확인했습니다. 
  <br/>
<br/> 그러면서 김 부부장은 ""핵을 보유한 두 국가가 대결적인 방향으로 나가는 것이 결코 서로에게 이롭지 않다는 사실을 인정할 최소한의 판단력은 있어야 할 것이며 그렇다면 그러한 새로운 사고를 바탕으로 다른 접촉 출로를 모색해보는 것이 좋을 것""이라고 밝혀 비핵화를 제외한 다른 목적의 대화는 가능할 수도 있다는 입장을 시사했습니다. 
  <br/>
<br/> 지금까지 트럼프 행정부는 미국이 북한의 완전한 비핵화를 목표로 하고 있으며 트럼프 대통령은 이를 위해 북한과 정상회담을 포함한 외교를 추진할 의사가 있다는 입장을 밝혀왔습니다.
 </div>"
[날씨] 전국 35도 안팎 무더위 계속…중부 내륙 5~40㎜ 소나기,"<div class=""text_area"" itemprop=""articleBody"">
  밤사이에도 열기가 식지 못하고 있습니다. 
  <br/>
<br/> 현재 서울 기온 27.6도를 가리키며 서울은 열흘째 열대야가 이어지고 있고요. 
  <br/>
<br/> 청주도 27.6도, 서귀포 28도로 해안과 도심을 중심으로 열대야가 지속되고 있습니다. 
  <br/>
<br/> 낮 동안에도 폭염의 기세는 계속되겠습니다. 
  <br/>
<br/> 오늘(29일)도 전국 대부분 지역의 기온이 35도 안팎을 보이며 매우 무덥겠습니다. 
  <br/>
<br/> 밤낮없는 무더위에 건강 잘 챙겨주셔야겠습니다. 
  <br/>
<br/> 오후부터 저녁 사이 일부 중부 내륙과 전북 북부 내륙에는 5~40mm 정도의 소나기 지날 때 있겠습니다. 
  <br/>
<br/> 오늘 전국 하늘 맑게 드러나며 자외선이 무척 강하겠습니다. 
  <br/>
<br/> 중복인 내일은 강원 중북부 지역에만 소나기 예보가 나와 있습니다. 
  <br/>
<br/> (박세림 기상캐스터)
 </div>"
"트럼프 ""15~20% 사이 될 것""…미중은 '연장' 논의","<div class=""text_area"" itemprop=""articleBody"">
  &lt;앵커&gt; 
  <br/>
<br/> 트럼프 대통령이 아직 미국과 합의하지 않은 대부분 국가는 15~20% 사이에서 상호관세가 부과될 거라고 말했습니다. 우리나라는 별도 협상 중이라, 협상 결과에 따를 것으로 보입니다. 이번 관세 전쟁에서 가장 주목받고 있는 미국과 중국의 3차 무역협상도 시작됐는데, 관세 휴전을 한 차례 더 연장하는 방안이 논의 중인 것으로 전해졌습니다. 
  <br/>
<br/> 오늘(29일) 첫 소식, 워싱턴 김용태 특파원의 보도입니다. 
  <br/>   
  <br/> &lt;기자&gt; 
  <br/>
<br/> 스코틀랜드에서 영국 스타머 총리와 만난 미국 트럼프 대통령이 일반적인 상호관세율을 15~20%로 언급했습니다. 
  <br/>
<br/> 아직 미국과 무역합의에 이르지 못한 대부분 국가가 대상입니다. 
  <br/>
<br/> [도널드 트럼프/미국 대통령 : (다른 국가에) 잘 대해주고 싶습니다. 관세율은 15%~20% 정도가 될 것입니다. 아마 두 숫자 중 하나겠죠.] 
  <br/>
<br/> 현재 기본 상호관세율은 10%입니다. 
  <br/>
<br/> 주요 무역상대국인 한국은 별도 협상이 진행 중인 만큼 협상 결과에 따라 관세율이 매겨질 것으로 보입니다. 
  <br/>
<br/> 스웨덴 스톡홀름에서는 미국과 중국 간 3차 무역협상이 시작됐는데 트럼프 대통령은 중국도 시장을 개방하길 바란다고 말했습니다. 
  <br/>
<br/> [도널드 트럼프/미국 대통령 : 중국은 강경하고, 우리 모두 강경하죠. 하지만 어떻게 될지는 지켜봐야겠습니다.] 
  <br/>
<br/> 첫날 미중 협상은 약 5시간 동안 진행됐으며 협상은 다음날까지 이어질 예정입니다. 
  <br/>
<br/> 양측은 서로 115% 포인트씩 관세를 내렸던 '관세 휴전'을 3개월 더 연장하는 방안을 논의 중인 것으로 전해졌습니다. 
  <br/>
<br/> 트럼프 대통령은 또 러시아 푸틴 대통령에게 실망했다며 대 러시아 제재 유예기간을 10일~12일 정도로 줄이겠다고 밝혔습니다. 
  <br/>
<br/> [도널드 트럼프/미국 대통령 : 50일 동안 기다릴 이유가 없습니다. 관대하고 싶었지만, 전혀 진전이 없습니다.] 
  <br/>
<br/> 이달 중순 트럼프 대통령은 50일 안에 우크라이나 전쟁 종전에 합의하지 않으면 러시아와 그 교역상대국에 100% 관세를 부과하겠다고 경고한 바 있습니다. 
  <br/>
<br/> (영상취재 : 오정식, 영상편집 : 이재성)
 </div>"
